<?xml version="1.0"?>
<doc>
    <assembly>
        <name>Abp.Web.Mvc</name>
    </assembly>
    <members>
        <member name="T:Abp.Web.Mvc.AbpWebMvcModule">
            <summary>
            This module is used to build ASP.NET MVC web sites using Abp.
            </summary>
        </member>
        <member name="M:Abp.Web.Mvc.AbpWebMvcModule.PreInitialize">
            <inheritdoc/>
        </member>
        <member name="M:Abp.Web.Mvc.AbpWebMvcModule.Initialize">
            <inheritdoc/>
        </member>
        <member name="M:Abp.Web.Mvc.AbpWebMvcModule.PostInitialize">
            <inheritdoc/>
        </member>
        <member name="T:Abp.Web.Mvc.Authorization.AbpMvcAuthorizeAttribute">
            <summary>
            This attribute is used on an action of an MVC <see cref="T:System.Web.Mvc.Controller"/>
            to make that action usable only by authorized users. 
            </summary>
        </member>
        <member name="P:Abp.Web.Mvc.Authorization.AbpMvcAuthorizeAttribute.Permissions">
            <inheritdoc/>
        </member>
        <member name="P:Abp.Web.Mvc.Authorization.AbpMvcAuthorizeAttribute.RequireAllPermissions">
            <inheritdoc/>
        </member>
        <member name="M:Abp.Web.Mvc.Authorization.AbpMvcAuthorizeAttribute.#ctor(System.String[])">
            <summary>
            Creates a new instance of <see cref="T:Abp.Web.Mvc.Authorization.AbpMvcAuthorizeAttribute"/> class.
            </summary>
            <param name="permissions">A list of permissions to authorize</param>
        </member>
        <member name="T:Abp.Web.Mvc.Configuration.AbpMvcConfigurationExtensions">
            <summary>
            Defines extension methods to <see cref="T:Abp.Configuration.Startup.IModuleConfigurations"/> to allow to configure Abp.Web.Api module.
            </summary>
        </member>
        <member name="M:Abp.Web.Mvc.Configuration.AbpMvcConfigurationExtensions.AbpMvc(Abp.Configuration.Startup.IModuleConfigurations)">
            <summary>
            Used to configure Abp.Web.Api module.
            </summary>
        </member>
        <member name="P:Abp.Web.Mvc.Configuration.IAbpMvcConfiguration.DefaultUnitOfWorkAttribute">
            <summary>
            Default UnitOfWorkAttribute for all actions.
            </summary>
        </member>
        <member name="P:Abp.Web.Mvc.Configuration.IAbpMvcConfiguration.DefaultWrapResultAttribute">
            <summary>
            Default WrapResultAttribute for all actions.
            </summary>
        </member>
        <member name="P:Abp.Web.Mvc.Configuration.IAbpMvcConfiguration.IsValidationEnabledForControllers">
            <summary>
            Default: true.
            </summary>
        </member>
        <member name="P:Abp.Web.Mvc.Configuration.IAbpMvcConfiguration.IsAutomaticAntiForgeryValidationEnabled">
            <summary>
            Default: true.
            </summary>
        </member>
        <member name="P:Abp.Web.Mvc.Configuration.IAbpMvcConfiguration.IsAuditingEnabled">
            <summary>
            Used to enable/disable auditing for MVC controllers.
            Default: true.
            </summary>
        </member>
        <member name="P:Abp.Web.Mvc.Configuration.IAbpMvcConfiguration.IsAuditingEnabledForChildActions">
            <summary>
            Used to enable/disable auditing for child MVC actions.
            Default: false.
            </summary>
        </member>
        <member name="T:Abp.Web.Mvc.Controllers.AbpController">
            <summary>
            Base class for all MVC Controllers in Abp system.
            </summary>
        </member>
        <member name="P:Abp.Web.Mvc.Controllers.AbpController.AbpSession">
            <summary>
            Gets current session information.
            </summary>
        </member>
        <member name="P:Abp.Web.Mvc.Controllers.AbpController.EventBus">
            <summary>
            Gets the event bus.
            </summary>
        </member>
        <member name="P:Abp.Web.Mvc.Controllers.AbpController.PermissionManager">
            <summary>
            Reference to the permission manager.
            </summary>
        </member>
        <member name="P:Abp.Web.Mvc.Controllers.AbpController.SettingManager">
            <summary>
            Reference to the setting manager.
            </summary>
        </member>
        <member name="P:Abp.Web.Mvc.Controllers.AbpController.PermissionChecker">
            <summary>
            Reference to the permission checker.
            </summary>
        </member>
        <member name="P:Abp.Web.Mvc.Controllers.AbpController.FeatureManager">
            <summary>
            Reference to the feature manager.
            </summary>
        </member>
        <member name="P:Abp.Web.Mvc.Controllers.AbpController.FeatureChecker">
            <summary>
            Reference to the permission checker.
            </summary>
        </member>
        <member name="P:Abp.Web.Mvc.Controllers.AbpController.LocalizationManager">
            <summary>
            Reference to the localization manager.
            </summary>
        </member>
        <member name="P:Abp.Web.Mvc.Controllers.AbpController.ErrorInfoBuilder">
            <summary>
            Reference to the error info builder.
            </summary>
        </member>
        <member name="P:Abp.Web.Mvc.Controllers.AbpController.LocalizationSourceName">
            <summary>
            Gets/sets name of the localization source that is used in this application service.
            It must be set in order to use <see cref="M:Abp.Web.Mvc.Controllers.AbpController.L(System.String)"/> and <see cref="M:Abp.Web.Mvc.Controllers.AbpController.L(System.String,System.Globalization.CultureInfo)"/> methods.
            </summary>
        </member>
        <member name="P:Abp.Web.Mvc.Controllers.AbpController.LocalizationSource">
            <summary>
            Gets localization source.
            It's valid if <see cref="P:Abp.Web.Mvc.Controllers.AbpController.LocalizationSourceName"/> is set.
            </summary>
        </member>
        <member name="P:Abp.Web.Mvc.Controllers.AbpController.Logger">
            <summary>
            Reference to the logger to write logs.
            </summary>
        </member>
        <member name="P:Abp.Web.Mvc.Controllers.AbpController.ObjectMapper">
            <summary>
            Reference to the object to object mapper.
            </summary>
        </member>
        <member name="P:Abp.Web.Mvc.Controllers.AbpController.UnitOfWorkManager">
            <summary>
            Reference to <see cref="T:Abp.Domain.Uow.IUnitOfWorkManager"/>.
            </summary>
        </member>
        <member name="P:Abp.Web.Mvc.Controllers.AbpController.CurrentUnitOfWork">
            <summary>
            Gets current unit of work.
            </summary>
        </member>
        <member name="F:Abp.Web.Mvc.Controllers.AbpController._currentMethodInfo">
            <summary>
            MethodInfo for currently executing action.
            </summary>
        </member>
        <member name="F:Abp.Web.Mvc.Controllers.AbpController._wrapResultAttribute">
            <summary>
            WrapResultAttribute for currently executing action.
            </summary>
        </member>
        <member name="M:Abp.Web.Mvc.Controllers.AbpController.#ctor">
            <summary>
            Constructor.
            </summary>
        </member>
        <member name="M:Abp.Web.Mvc.Controllers.AbpController.L(System.String)">
            <summary>
            Gets localized string for given key name and current language.
            </summary>
            <param name="name">Key name</param>
            <returns>Localized string</returns>
        </member>
        <member name="M:Abp.Web.Mvc.Controllers.AbpController.L(System.String,System.Object[])">
            <summary>
            Gets localized string for given key name and current language with formatting strings.
            </summary>
            <param name="name">Key name</param>
            <param name="args">Format arguments</param>
            <returns>Localized string</returns>
        </member>
        <member name="M:Abp.Web.Mvc.Controllers.AbpController.L(System.String,System.Globalization.CultureInfo)">
            <summary>
            Gets localized string for given key name and specified culture information.
            </summary>
            <param name="name">Key name</param>
            <param name="culture">culture information</param>
            <returns>Localized string</returns>
        </member>
        <member name="M:Abp.Web.Mvc.Controllers.AbpController.L(System.String,System.Globalization.CultureInfo,System.Object[])">
            <summary>
            Gets localized string for given key name and current language with formatting strings.
            </summary>
            <param name="name">Key name</param>
            <param name="culture">culture information</param>
            <param name="args">Format arguments</param>
            <returns>Localized string</returns>
        </member>
        <member name="M:Abp.Web.Mvc.Controllers.AbpController.IsGrantedAsync(System.String)">
            <summary>
            Checks if current user is granted for a permission.
            </summary>
            <param name="permissionName">Name of the permission</param>
        </member>
        <member name="M:Abp.Web.Mvc.Controllers.AbpController.IsGranted(System.String)">
            <summary>
            Checks if current user is granted for a permission.
            </summary>
            <param name="permissionName">Name of the permission</param>
        </member>
        <member name="M:Abp.Web.Mvc.Controllers.AbpController.IsEnabledAsync(System.String)">
            <summary>
            Checks if given feature is enabled for current tenant.
            </summary>
            <param name="featureName">Name of the feature</param>
            <returns></returns>
        </member>
        <member name="M:Abp.Web.Mvc.Controllers.AbpController.IsEnabled(System.String)">
            <summary>
            Checks if given feature is enabled for current tenant.
            </summary>
            <param name="featureName">Name of the feature</param>
            <returns></returns>
        </member>
        <member name="M:Abp.Web.Mvc.Controllers.AbpController.Json(System.Object,System.String,System.Text.Encoding,System.Web.Mvc.JsonRequestBehavior)">
            <summary>
            Json the specified data, contentType, contentEncoding and behavior.
            </summary>
            <param name="data">Data.</param>
            <param name="contentType">Content type.</param>
            <param name="contentEncoding">Content encoding.</param>
            <param name="behavior">Behavior.</param>
        </member>
        <member name="T:Abp.Web.Mvc.Controllers.AbpScriptsController">
            <summary>
            This controller is used to create client side scripts
            to work with ABP.
            </summary>
        </member>
        <member name="M:Abp.Web.Mvc.Controllers.AbpScriptsController.#ctor(Abp.Web.MultiTenancy.IMultiTenancyScriptManager,Abp.Web.Settings.ISettingScriptManager,Abp.Web.Navigation.INavigationScriptManager,Abp.Web.Localization.ILocalizationScriptManager,Abp.Web.Authorization.IAuthorizationScriptManager,Abp.Web.Features.IFeaturesScriptManager,Abp.Web.Sessions.ISessionScriptManager,Abp.Web.Timing.ITimingScriptManager,Abp.Web.Security.ISecurityScriptManager,Abp.Web.Minifier.IJavaScriptMinifier)">
            <summary>
            Constructor.
            </summary>
        </member>
        <member name="M:Abp.Web.Mvc.Controllers.AbpScriptsController.GetScripts(System.String,System.Boolean)">
            <summary>
            Gets all needed scripts.
            </summary>
        </member>
        <member name="T:Abp.Web.Mvc.Controllers.ControllerConventionalRegistrar">
            <summary>
            Registers all MVC Controllers derived from <see cref="T:System.Web.Mvc.Controller"/>.
            </summary>
        </member>
        <member name="M:Abp.Web.Mvc.Controllers.ControllerConventionalRegistrar.RegisterAssembly(Abp.Dependency.IConventionalRegistrationContext)">
            <inheritdoc/>
        </member>
        <member name="T:Abp.Web.Mvc.Controllers.Results.AbpJsonResult">
            <summary>
            This class is used to override returning Json results from MVC controllers.
            </summary>
        </member>
        <member name="P:Abp.Web.Mvc.Controllers.Results.AbpJsonResult.CamelCase">
            <summary>
            Gets or sets a value indicating whether this JSON result is camel cased on serialization.
            Default: true.
            </summary>
        </member>
        <member name="P:Abp.Web.Mvc.Controllers.Results.AbpJsonResult.Indented">
            <summary>
            Gets or sets a value indicating whether this JSON result uses <see cref="F:Newtonsoft.Json.Formatting.Indented"/> on serialization.
            Default: false.
            </summary>
        </member>
        <member name="M:Abp.Web.Mvc.Controllers.Results.AbpJsonResult.#ctor">
            <summary>
            Constructor.
            </summary>
        </member>
        <member name="M:Abp.Web.Mvc.Controllers.Results.AbpJsonResult.#ctor(System.Object)">
            <summary>
            Constructor with JSON data.
            </summary>
            <param name="data">JSON data</param>
        </member>
        <member name="M:Abp.Web.Mvc.Controllers.Results.AbpJsonResult.ExecuteResult(System.Web.Mvc.ControllerContext)">
            <inheritdoc/>
        </member>
        <member name="T:Abp.Web.Mvc.Controllers.WindsorControllerFactory">
            <summary>
            This class is used to allow MVC to use dependency injection system while creating MVC controllers.
            </summary>
        </member>
        <member name="F:Abp.Web.Mvc.Controllers.WindsorControllerFactory._iocManager">
            <summary>
            Reference to DI kernel.
            </summary>
        </member>
        <member name="M:Abp.Web.Mvc.Controllers.WindsorControllerFactory.#ctor(Abp.Dependency.IIocResolver)">
            <summary>
            Creates a new instance of WindsorControllerFactory.
            </summary>
            <param name="iocManager">Reference to DI kernel</param>
        </member>
        <member name="M:Abp.Web.Mvc.Controllers.WindsorControllerFactory.ReleaseController(System.Web.Mvc.IController)">
            <summary>
            Called by MVC system and releases/disposes given controller instance.
            </summary>
            <param name="controller">Controller instance</param>
        </member>
        <member name="M:Abp.Web.Mvc.Controllers.WindsorControllerFactory.GetControllerInstance(System.Web.Routing.RequestContext,System.Type)">
            <summary>
            Called by MVC system and creates controller instance for given controller type.
            </summary>
            <param name="requestContext">Request context</param>
            <param name="controllerType">Controller type</param>
            <returns></returns>
        </member>
        <member name="M:Abp.Web.Mvc.Extensions.HtmlHelperResourceExtensions.IncludeScript(System.Web.Mvc.HtmlHelper,System.String)">
            <summary>
            Includes a script to the page with versioning.
            </summary>
            <param name="html">Reference to the HtmlHelper object</param>
            <param name="url">URL of the script file</param>
        </member>
        <member name="M:Abp.Web.Mvc.Extensions.HtmlHelperResourceExtensions.IncludeStyle(System.Web.Mvc.HtmlHelper,System.String)">
            <summary>
            Includes a style to the page with versioning.
            </summary>
            <param name="html">Reference to the HtmlHelper object</param>
            <param name="url">URL of the style file</param>
        </member>
        <member name="T:Abp.Web.Mvc.Resources.WebResourceHelper">
            <summary>
            A helper class to simplify expose web resources.
            </summary>
        </member>
        <member name="M:Abp.Web.Mvc.Resources.WebResourceHelper.ExposeEmbeddedResources(System.String,System.Reflection.Assembly,System.String)">
            <summary>
            Exposes one or more embedded resources to web clients.
            It can be used to embed JavaScript/CSS files into assemblies and use them in html pages easily.
            </summary>
            <param name="rootPath">
            Root path of the resource. Can include '/' for deeper paths.
            </param>
            <param name="assembly">The assembly contains resources</param>
            <param name="resourceNamespace">Root namespace of the resources</param>
        </member>
        <member name="M:Abp.Web.Mvc.Resources.WebResourceHelper.GetEmbeddedResource(System.String)">
            <summary>
            Gets an embedded resource file.
            </summary>
            <param name="fullResourcePath">Full path of the resource</param>
            <returns>Embedded resource file</returns>
        </member>
        <member name="T:Abp.Web.Mvc.Views.AbpWebViewPage">
            <summary>
            Base class for all views in Abp system.
            </summary>
        </member>
        <member name="T:Abp.Web.Mvc.Views.AbpWebViewPage`1">
            <summary>
            Base class for all views in Abp system.
            </summary>
            <typeparam name="TModel">Type of the View Model</typeparam>
        </member>
        <member name="P:Abp.Web.Mvc.Views.AbpWebViewPage`1.ApplicationPath">
            <summary>
            Gets the root path of the application.
            </summary>
        </member>
        <member name="P:Abp.Web.Mvc.Views.AbpWebViewPage`1.SettingManager">
            <summary>
            Reference to the setting manager.
            </summary>
        </member>
        <member name="P:Abp.Web.Mvc.Views.AbpWebViewPage`1.LocalizationSourceName">
            <summary>
            Gets/sets name of the localization source that is used in this controller.
            It must be set in order to use <see cref="M:Abp.Web.Mvc.Views.AbpWebViewPage`1.L(System.String)"/> and <see cref="M:Abp.Web.Mvc.Views.AbpWebViewPage`1.L(System.String,System.Globalization.CultureInfo)"/> methods.
            </summary>
        </member>
        <member name="M:Abp.Web.Mvc.Views.AbpWebViewPage`1.#ctor">
            <summary>
            Constructor.
            </summary>
        </member>
        <member name="M:Abp.Web.Mvc.Views.AbpWebViewPage`1.L(System.String)">
            <summary>
            Gets localized string for given key name and current language.
            </summary>
            <param name="name">Key name</param>
            <returns>Localized string</returns>
        </member>
        <member name="M:Abp.Web.Mvc.Views.AbpWebViewPage`1.L(System.String,System.Object[])">
            <summary>
            Gets localized string for given key name and current language with formatting strings.
            </summary>
            <param name="name">Key name</param>
            <param name="args">Format arguments</param>
            <returns>Localized string</returns>
        </member>
        <member name="M:Abp.Web.Mvc.Views.AbpWebViewPage`1.L(System.String,System.Globalization.CultureInfo)">
            <summary>
            Gets localized string for given key name and specified culture information.
            </summary>
            <param name="name">Key name</param>
            <param name="culture">culture information</param>
            <returns>Localized string</returns>
        </member>
        <member name="M:Abp.Web.Mvc.Views.AbpWebViewPage`1.L(System.String,System.Globalization.CultureInfo,System.Object[])">
            <summary>
            Gets localized string for given key name and current language with formatting strings.
            </summary>
            <param name="name">Key name</param>
            <param name="culture">culture information</param>
            <param name="args">Format arguments</param>
            <returns>Localized string</returns>
        </member>
        <member name="M:Abp.Web.Mvc.Views.AbpWebViewPage`1.Ls(System.String,System.String)">
            <summary>
            Gets localized string from given source for given key name and current language.
            </summary>
            <param name="sourceName">Source name</param>
            <param name="name">Key name</param>
            <returns>Localized string</returns>
        </member>
        <member name="M:Abp.Web.Mvc.Views.AbpWebViewPage`1.Ls(System.String,System.String,System.Object[])">
            <summary>
            Gets localized string from given source  for given key name and current language with formatting strings.
            </summary>
            <param name="sourceName">Source name</param>
            <param name="name">Key name</param>
            <param name="args">Format arguments</param>
            <returns>Localized string</returns>
        </member>
        <member name="M:Abp.Web.Mvc.Views.AbpWebViewPage`1.Ls(System.String,System.String,System.Globalization.CultureInfo)">
            <summary>
            Gets localized string from given source  for given key name and specified culture information.
            </summary>
            <param name="sourceName">Source name</param>
            <param name="name">Key name</param>
            <param name="culture">culture information</param>
            <returns>Localized string</returns>
        </member>
        <member name="M:Abp.Web.Mvc.Views.AbpWebViewPage`1.Ls(System.String,System.String,System.Globalization.CultureInfo,System.Object[])">
            <summary>
            Gets localized string from given source  for given key name and current language with formatting strings.
            </summary>
            <param name="sourceName">Source name</param>
            <param name="name">Key name</param>
            <param name="culture">culture information</param>
            <param name="args">Format arguments</param>
            <returns>Localized string</returns>
        </member>
        <member name="M:Abp.Web.Mvc.Views.AbpWebViewPage`1.IsGranted(System.String)">
            <summary>
            Checks if current user is granted for a permission.
            </summary>
            <param name="permissionName">Name of the permission</param>
        </member>
        <member name="M:Abp.Web.Mvc.Views.AbpWebViewPage`1.IsFeatureEnabled(System.String)">
            <summary>
            Determines whether is given feature enabled.
            </summary>
            <param name="featureName">Name of the feature.</param>
            <returns>True, if enabled; False if not.</returns>
        </member>
        <member name="M:Abp.Web.Mvc.Views.AbpWebViewPage`1.GetFeatureValue(System.String)">
            <summary>
            Gets current value of a feature.
            </summary>
            <param name="featureName">Feature name</param>
            <returns>Value of the feature</returns>
        </member>
    </members>
</doc>
